"fit","upr","lwr"
0.563978217003702,0.687327189879176,0.435936062757066
0.68558289463535,0.832052169927524,0.541045199140438
0.444946809487999,0.612540377546924,0.295665756596877
-0.444145748451753,0.204348827730746,-1.05443153477865
0.567843167533854,0.736537381514217,0.403098940429985
0.594547499632022,0.771130664925728,0.419377193937789
0.261520282310549,0.539529160008106,-0.0249717883671041
