"fit","upr","lwr","taxa"
0.681218075003738,0.814141987737444,0.534311621249761,"Invertebrate"
0.610809655978335,0.746746993341309,0.486340658701144,"Plant"
0.445871008502339,0.577312666199434,0.295889077216401,"Mammal"
0.566195250526274,0.709284540898391,0.418562785532,"Fish"
0.587803284051112,0.745444660526222,0.423780915723985,"Bird"
0.290022798990126,0.559941902539221,0.0127852335036177,"Plankton"
