"fit","upr","lwr","taxa"
0.666468838049946,0.805159953675672,0.525342539002523,"Invertebrate"
0.616664860453324,0.762422264967054,0.481700400496098,"Plant"
0.447591551850814,0.588137645602212,0.304452943383102,"Mammal"
0.557681416809365,0.70370698616899,0.418185981959412,"Fish"
0.596468179005103,0.751835442655199,0.42704251629138,"Bird"
0.276052260244138,0.535864582094551,0.00588968074006664,"Plankton"
