"fit","upr","lwr","taxa"
0.685311146966016,0.80663594945776,0.548366322869326,"Invertebrate"
0.65974407440236,0.799601257139673,0.523707223214716,"Plant"
0.436740961852811,0.568168077337533,0.30848261624287,"Mammal"
-0.37477376716263,0.179614024487968,-0.946845661881472,"Benthos"
0.565588412856126,0.683018910054063,0.426037129441137,"Fish"
0.599804153479526,0.737294023002327,0.449298249140704,"Bird"
0.30478138149298,0.535944190880068,0.0852777015297085,"Plankton"
