"fit","upr","lwr","taxa"
0.671593188689408,0.808732182149676,0.533768708835583,"Invertebrate"
0.613598148131568,0.753818723819538,0.470865638179324,"Plant"
0.442844739283326,0.592318672164732,0.298083376894752,"Mammal"
0.562160857763264,0.706833781703585,0.417325275788649,"Fish"
0.589211370291474,0.766561716823257,0.425361060124706,"Bird"
0.290213274338986,0.551511581447965,0.0127160529509661,"Plankton"
