"fit","upr","lwr","taxa"
0.576336710369747,0.741605869331713,0.424823013737763,"Bird"
0.652106737453714,0.786427737334278,0.515144695434696,"Invertebrate"
0.607543414269617,0.748450364934349,0.472231810999028,"Plant"
0.412199353284538,0.546810791023542,0.270721048255972,"Mammal"
0.527648106626592,0.67887839837652,0.379962854337655,"Fish"
0.397747776139566,0.62486863471773,0.153407951291806,"Plankton"
0.771032567447454,0.989382452579749,0.538507445890176,"Benthos"
