"fit","upr","lwr","taxa"
0.590011834469811,0.755363918392849,0.432412932019456,"Bird"
0.653666864491459,0.795362846584297,0.514272138638797,"Invertebrate"
0.605981049282988,0.739621527347811,0.47057814010398,"Plant"
0.411691449468329,0.553135648315345,0.25927642172366,"Mammal"
0.527027602034084,0.680779026767326,0.380966192921654,"Fish"
0.400893429899147,0.655351966630008,0.159397485604798,"Plankton"
