"fit","upr","lwr","taxa"
0.587751761064668,0.743904946434247,0.441100100980383,"Invertebrate"
0.658880413157173,0.804101854316623,0.520038543791954,"Plant"
0.602379347007798,0.74214478319249,0.473231031009638,"Mammal"
0.413735982687122,0.563559310795702,0.265780369965379,"Fish"
0.530288615458575,0.672716097660956,0.379650340894631,"Bird"
0.392228084768481,0.629260010913067,0.158022258047141,"Plankton"
