"fit","upr","lwr","taxa"
0.586414662646969,0.744958889614793,0.434958578552544,"Invertebrate"
0.654855036035618,0.791010386267497,0.521491646119629,"Plant"
0.607514744078062,0.738596773183539,0.467491420617545,"Mammal"
0.405372509423971,0.547032904803393,0.270871917811469,"Fish"
0.52879417485028,0.661542935016906,0.394034762216466,"Bird"
0.378906310552305,0.611799159137335,0.153641940867955,"Plankton"
