"fit","upr","lwr","taxa"
0.591099632176247,0.743558235702728,0.432378013078826,"Invertebrate"
0.659647306347953,0.801240819428623,0.529484897063357,"Plant"
0.609360323946915,0.745136831350374,0.46915023395246,"Mammal"
0.40276274523866,0.559003632052207,0.266072857025683,"Fish"
0.52811944157332,0.67682890645726,0.37595514884796,"Bird"
0.390617980529467,0.626026685301876,0.161746223397439,"Plankton"
