"fit","upr","lwr","taxa"
0.596005436033267,0.752854822395612,0.431188519364937,"Bird"
0.655253743628728,0.789693053476224,0.52118746293105,"Invertebrate"
0.610347894951048,0.745742427826096,0.48097573913631,"Plant"
0.411443453102801,0.55377615927581,0.263402681873144,"Mammal"
0.535450538821626,0.678807295635824,0.397870440434799,"Fish"
0.385966844537778,0.629770095379613,0.152900220421313,"Plankton"
