"fit","upr","lwr","taxa"
0.586344516896027,0.749663883503091,0.424540724890383,"Bird"
0.645936932479518,0.785781722336686,0.502179119808182,"Invertebrate"
0.60870830824268,0.731984925918705,0.471881336854999,"Plant"
0.414312149058937,0.561734674811555,0.272836833600132,"Mammal"
0.530693612695651,0.674569317146293,0.385731224972443,"Fish"
0.409282656525045,0.646713150716271,0.166484476404824,"Plankton"
0.770998515372052,0.977555028204895,0.548871863739013,"Benthos"
