"fit","upr","lwr","taxa"
0.480137379368033,0.633759978719581,0.312157183312039,"Invertebrate"
0.605411653158682,0.738373023415609,0.461980598440365,"Plant"
0.554521205516858,0.689771451805406,0.421501961599047,"Mammal"
0.355703115327166,0.490123460698471,0.206536852616838,"Fish"
0.47035686615674,0.613189108754492,0.34258281139794,"Bird"
0.374080911694234,0.597920277874012,0.166742961691599,"Plankton"
