"fit","upr","lwr","taxa"
0.589303296038723,0.743547943558435,0.424402546412721,"Bird"
0.64689166695732,0.795206197434022,0.506118399036381,"Invertebrate"
0.609836312470439,0.738779617517971,0.476253248708008,"Plant"
0.409649750657236,0.548578402529978,0.271042606882665,"Mammal"
0.532132414035462,0.668467985097773,0.398645473119202,"Fish"
0.388064539173578,0.639397362364095,0.152336769607815,"Plankton"
0.763343213687453,1.0015742928298,0.52968357835888,"Benthos"
