"fit","upr","lwr","taxa"
0.591208148787394,0.736838579362446,0.439063775266419,"Bird"
0.658107687151726,0.793027049180697,0.529890409773513,"Invertebrate"
0.606101437008743,0.73709614109581,0.470460087932442,"Plant"
0.406722559910989,0.543387225203075,0.264236930707412,"Mammal"
0.532718720077452,0.675207944888003,0.39429143862767,"Fish"
0.392953999103563,0.622116825176721,0.14956324393077,"Plankton"
