"fit","upr","lwr","taxa"
0.584523800466506,0.740898937426027,0.426312411172149,"Bird"
0.655247475455998,0.789881719082481,0.519872861707781,"Invertebrate"
0.609069017473563,0.737842272210994,0.477716173870595,"Plant"
0.400893478735715,0.556696520361373,0.252872819722691,"Mammal"
0.532729130989358,0.677658528130512,0.385607913175299,"Fish"
0.397815101568793,0.644352948019877,0.162668273866475,"Plankton"
