"fit","upr","lwr","taxa"
0.600726468172933,0.797815890598819,0.395814930516352,"Invertebrate"
0.665243991438284,0.815431228621052,0.504500768592926,"Plant"
0.342469795649324,0.479773292091793,0.182375544878896,"Mammal"
0.249903758245388,0.411851215115594,0.0914309422284329,"Fish"
0.320455826709384,0.488411576782645,0.159383684455215,"Bird"
0.443043815609433,0.717738239905048,0.148351286319519,"Plankton"
