"fit","upr","lwr","taxa"
0.582105555420255,0.724440103108392,0.426967173759571,"Bird"
0.643221589516156,0.78488942037631,0.513597661930791,"Invertebrate"
0.603251463435182,0.737063754946141,0.468265793677311,"Plant"
0.405768876396083,0.535602762210707,0.266857454451375,"Mammal"
0.530219134178239,0.683428883101618,0.376119371635147,"Fish"
0.393584435523449,0.623036586524959,0.156710946783972,"Plankton"
0.758850407525366,0.991237453085636,0.532729314140425,"Benthos"
