"fit","upr","lwr","taxa"
0.581895728492974,0.746907956670661,0.428685752182722,"Bird"
0.642278994399502,0.775674405611159,0.516115536511774,"Invertebrate"
0.609940678500428,0.746275907802783,0.473443931094043,"Plant"
0.411719591289795,0.551954873078893,0.259035810807629,"Mammal"
0.528524528454919,0.680084343749513,0.38129961712396,"Fish"
0.39632078396505,0.624252696019313,0.144710959705396,"Plankton"
0.760062899651428,0.996783939189132,0.537450753464774,"Benthos"
