"fit","upr","lwr","taxa"
0.585374750574418,0.742472431910783,0.424289705436939,"Invertebrate"
0.654085866559868,0.791430854624734,0.521904175099876,"Plant"
0.60745082884336,0.740905707167483,0.470338311304186,"Mammal"
0.390788390926358,0.534733594652676,0.256208066198876,"Fish"
0.531124406661119,0.666290550263844,0.394467027581856,"Bird"
0.399756861779723,0.622319726847143,0.158906006566966,"Plankton"
