"fit","upr","lwr","taxa"
0.585515195572455,0.745075647621233,0.42175460129814,"Bird"
0.653996724198428,0.792193422320122,0.500419669009418,"Invertebrate"
0.60502886062657,0.74517826633932,0.468644946047581,"Plant"
0.405480351343276,0.544536783354179,0.262902803450274,"Mammal"
0.49097777164403,0.635598644881588,0.346072649604531,"Fish"
0.399968161843261,0.636715950723499,0.145787587276433,"Plankton"
0.76909724144466,1.00539431125056,0.531777987159992,"Benthos"
