"fit","upr","lwr","taxa"
0.589534993379942,0.741075203200459,0.433943259901048,"Bird"
0.649173518776954,0.792771666702212,0.501516507192541,"Invertebrate"
0.611179098342017,0.751460316781249,0.468913100884345,"Plant"
0.408981933146072,0.544045580818465,0.260363314248872,"Mammal"
0.530955849527671,0.669378613061222,0.384910822819769,"Fish"
0.389732341015185,0.620194855263872,0.161414962552266,"Plankton"
0.772471989909823,0.990227499152602,0.540641896239308,"Benthos"
