"fit","upr","lwr","taxa"
0.582202874202156,0.748988166209687,0.423836048862127,"Bird"
0.656527907876896,0.801062377381988,0.51430290029694,"Invertebrate"
0.598649429224767,0.733240777001675,0.462376865810185,"Plant"
0.411696474133698,0.556128801816864,0.284114814775719,"Mammal"
0.529818409041553,0.66975084335169,0.396375746982765,"Fish"
0.386410259221002,0.630416155450076,0.146110970065757,"Plankton"
