"fit","upr","lwr","taxa"
0.587797492912955,0.752074931347193,0.429221819368363,"Bird"
0.658225089302981,0.786610192646402,0.526567704383083,"Invertebrate"
0.602438956080837,0.741478063958417,0.470551951025382,"Plant"
0.418467835618554,0.564094064780132,0.27512071575966,"Mammal"
0.538732230985249,0.679068532012461,0.390572221620443,"Fish"
0.377984951832817,0.603638926234019,0.154634122986281,"Plankton"
