"fit","upr","lwr","taxa"
0.58743618275873,0.758255880053087,0.427120648625508,"Bird"
0.648027178853822,0.793784062042231,0.496832218580099,"Invertebrate"
0.601052549726313,0.743219410909421,0.466211464854445,"Plant"
0.403505569205962,0.543509160023954,0.264608242806092,"Mammal"
0.491386890979138,0.64832261871627,0.349783546175216,"Fish"
0.40271502404881,0.637344074346159,0.144743988324862,"Plankton"
0.761982924480242,0.997709863295126,0.526769672509792,"Benthos"
