"fit","upr","lwr","taxa"
0.586241850079521,0.738474798255316,0.41478388480739,"Bird"
0.648345960349531,0.783450577008045,0.502142754189495,"Invertebrate"
0.602496572160688,0.754269870083213,0.464157773827064,"Plant"
0.403347615134981,0.554227720608068,0.262736964367772,"Mammal"
0.486915243778133,0.644595705757034,0.333596118976975,"Fish"
0.398960840849086,0.628163409123981,0.15297303516068,"Plankton"
0.774145177508135,0.988330340343851,0.535480878322232,"Benthos"
