"fit","upr","lwr","taxa"
0.585880560538342,0.745621102012112,0.428801270598877,"Bird"
0.654449074203362,0.784073304923698,0.504740695587075,"Invertebrate"
0.616651981283457,0.751168025841412,0.463646579127275,"Plant"
0.405243494853118,0.549993083172925,0.26304248430654,"Mammal"
0.529509432734524,0.665895532180487,0.383320431557602,"Fish"
0.396083210163337,0.638834548262221,0.152300396840801,"Plankton"
0.771495126257098,0.990678076715595,0.550180720844196,"Benthos"
