"fit","upr","lwr","taxa"
0.587339205232435,0.747822876376283,0.435647285992188,"Bird"
0.656845392732301,0.787888466760646,0.523030603080111,"Invertebrate"
0.614411854275158,0.747106701040713,0.473629422795417,"Plant"
0.413208280935694,0.55849860245794,0.266321728972202,"Mammal"
0.534917928581699,0.682988897644097,0.386869999499862,"Fish"
0.396537827299302,0.622716773807583,0.156847141935847,"Plankton"
