"fit","upr","lwr","taxa"
0.586637046124523,0.749405823606712,0.420145817960458,"Bird"
0.653647923039831,0.79314235513651,0.503625636111408,"Invertebrate"
0.612298278591083,0.747706554963109,0.471531345350013,"Plant"
0.418223964815932,0.55952414788233,0.282196019610966,"Mammal"
0.531767872827435,0.669593512623601,0.390111573312547,"Fish"
0.385322738363312,0.612844311299701,0.140982529044667,"Plankton"
0.767127565012556,0.989645025121544,0.543978268144179,"Benthos"
