"fit","upr","lwr","taxa"
0.592241968009632,0.750128693504805,0.440591086828758,"Bird"
0.650491193940073,0.786188264644671,0.50547782043293,"Invertebrate"
0.617719111630861,0.745903748148914,0.478526863066797,"Plant"
0.41940136485814,0.557069544369968,0.266762221455112,"Mammal"
0.528872133839194,0.67410491895796,0.395922166025306,"Fish"
0.390510995053158,0.630162665006709,0.136674516158015,"Plankton"
0.77192342741053,0.9901216247026,0.554497658573661,"Benthos"
