"fit","upr","lwr","taxa"
0.590142174207956,0.738933259582891,0.419209549221802,"Bird"
0.64458509626385,0.794198542980129,0.505912502234929,"Invertebrate"
0.605932351376699,0.737920602261235,0.465613979165679,"Plant"
0.406553140219712,0.541555285485845,0.262395900207078,"Mammal"
0.52744566332531,0.663917496647677,0.398007961104706,"Fish"
0.389729737029531,0.630297625331596,0.155281854308913,"Plankton"
0.751704611088037,0.988080962388473,0.519057772966739,"Benthos"
