"fit","upr","lwr","taxa"
0.572429280754943,0.742571405058913,0.408969983615974,"Bird"
0.653281496300353,0.794053731883418,0.519088855961216,"Invertebrate"
0.609683841742139,0.746889032919951,0.476829894315176,"Plant"
0.4127473419422,0.557105621792773,0.258391685673892,"Mammal"
0.527709074420181,0.671466069707284,0.392237187983791,"Fish"
0.402000640391224,0.634781926174876,0.178947915672547,"Plankton"
