"fit","upr","lwr","taxa"
0.589878752096164,0.751029860189131,0.435795641858759,"Bird"
0.646507547335716,0.801963271023522,0.508645779519008,"Invertebrate"
0.608231504487167,0.747025303934369,0.47824612304264,"Plant"
0.415439986422771,0.554037599319809,0.267588268557807,"Mammal"
0.533869747432631,0.677840928688213,0.392810055608485,"Fish"
0.390127132340906,0.624805339712197,0.143841222214682,"Plankton"
0.762589973218555,0.992499259549272,0.527557806838234,"Benthos"
