"fit","upr","lwr","taxa"
0.593817988809276,0.74367893348247,0.4350535317917,"Bird"
0.643650130958919,0.779266227417702,0.502311027751373,"Invertebrate"
0.605905719482624,0.734446118188931,0.465363602432629,"Plant"
0.406864076961943,0.554260927920226,0.264081390889809,"Mammal"
0.529043449178684,0.663109431349606,0.390047461273654,"Fish"
0.394177918575091,0.629731032073985,0.15460063263832,"Plankton"
0.751388251167634,0.990298581717144,0.524647854192497,"Benthos"
