"fit","upr","lwr","taxa"
0.574469101539233,0.735634181925812,0.425824356922658,"Bird"
0.648745646493606,0.789732955287835,0.504040721954627,"Invertebrate"
0.607746417287322,0.749438330058411,0.467279828022178,"Plant"
0.41190952132571,0.561584926151308,0.269459017952457,"Mammal"
0.534972719025148,0.672530745251327,0.391559189808798,"Fish"
0.380142488869786,0.629205518840807,0.147782578088426,"Plankton"
0.759664250415112,1.0018236926631,0.551019578708708,"Benthos"
