"fit","upr","lwr","taxa"
0.585798923116712,0.748396045712039,0.428905136524864,"Bird"
0.658361706778637,0.793854962372293,0.52409447939389,"Invertebrate"
0.613141847968558,0.740112364698022,0.470180078142524,"Plant"
0.413441996950525,0.55957110607972,0.27228790769708,"Mammal"
0.533289984903344,0.674080014018566,0.394337167964764,"Fish"
0.400226477681559,0.631237771538114,0.180159476296924,"Plankton"
