"fit","upr","lwr","taxa"
0.591058340374804,0.744684818124166,0.42484109877246,"Invertebrate"
0.659234733030222,0.79963440193836,0.523241424005396,"Plant"
0.600924219072859,0.740527975698485,0.468037728288374,"Mammal"
0.397524036902788,0.540780425941779,0.265350233194454,"Fish"
0.526311487020684,0.669458395911968,0.380962138494699,"Bird"
0.391364339652217,0.628969448820358,0.164617656371418,"Plankton"
