"fit","upr","lwr","taxa"
0.578034941678694,0.751244990423678,0.42178605124851,"Bird"
0.664986146737224,0.792047336742594,0.520607005723566,"Invertebrate"
0.612452000565829,0.749924125815645,0.473216382337343,"Plant"
0.405977055973398,0.550356913133711,0.272721667306456,"Mammal"
0.528475750283385,0.661251828223356,0.395534713079252,"Fish"
0.389016924645337,0.63223933279727,0.148315428769027,"Plankton"
