"fit","upr","lwr","taxa"
0.586026923323848,0.741246720960665,0.440350431402525,"Invertebrate"
0.660132894827555,0.790587074236445,0.529682003325951,"Plant"
0.607691500236204,0.746792913682689,0.475709410734957,"Mammal"
0.410557831269574,0.549125582494427,0.274889768940604,"Fish"
0.527213082107146,0.675409165330338,0.377731078432032,"Bird"
0.399836529796485,0.625133118539118,0.151131745956789,"Plankton"
