"fit","upr","lwr","taxa"
0.481388504221098,0.634694100224311,0.324034702882473,"Invertebrate"
0.604937085109941,0.737810513173868,0.466559219032306,"Plant"
0.550831182172207,0.689148012084695,0.426205672110035,"Mammal"
0.342302421262484,0.482855950926955,0.200462641694833,"Fish"
0.474878474213163,0.609943626153482,0.338419824211318,"Bird"
0.39118184550332,0.589852269846849,0.172612221551719,"Plankton"
