"fit","upr","lwr","taxa"
0.591606396723487,0.751555332526902,0.436784417017902,"Bird"
0.648559805379844,0.784324655655084,0.515895362530145,"Invertebrate"
0.60382873456582,0.741563056242828,0.47695575225111,"Plant"
0.407067883417087,0.547874907951326,0.26399520122946,"Mammal"
0.53440155496056,0.668314576506344,0.390077231605314,"Fish"
0.396686237392027,0.635308870596906,0.155137790086515,"Plankton"
0.753499695470282,0.985213031308168,0.53797231022439,"Benthos"
