"fit","upr","lwr","taxa"
0.584971732240717,0.754212863667357,0.421144904559815,"Bird"
0.648557387930021,0.792225802967516,0.496297281118591,"Invertebrate"
0.612294718588896,0.759437604157334,0.477050874353557,"Plant"
0.41116023432289,0.55710865516416,0.261063777438964,"Mammal"
0.538465194571541,0.67724675354109,0.39311565834939,"Fish"
0.392957559791812,0.633318508817535,0.152223918152923,"Plankton"
0.758716072281885,0.97375188322388,0.540896316062006,"Benthos"
