"fit","upr","lwr","taxa"
0.583718844253535,0.740515360052626,0.438615614875319,"Invertebrate"
0.655853989112664,0.784198559005172,0.525795742162675,"Plant"
0.613657473344048,0.749031469855427,0.465880508912441,"Mammal"
0.40275714640302,0.538457464381144,0.268445102347372,"Fish"
0.528638648359678,0.661194095094163,0.384392450493591,"Bird"
0.396260962795239,0.634398049155285,0.158594772943239,"Plankton"
