"fit","upr","lwr","taxa"
0.594874494843212,0.747605714954137,0.422393811602024,"Invertebrate"
0.657577618790677,0.794935967888178,0.530885799525754,"Plant"
0.609900606338889,0.737131910810214,0.472010101791637,"Mammal"
0.4012803528923,0.531716068651767,0.260863619807505,"Fish"
0.529777033507109,0.670947977417772,0.389500786488048,"Bird"
0.396049855720225,0.631396462824219,0.152520794029582,"Plankton"
