"fit","upr","lwr","taxa"
0.589281812719329,0.748473530555205,0.417463887253375,"Bird"
0.635075137572853,0.783212228042563,0.497048256581152,"Invertebrate"
0.609562642949392,0.745708770990151,0.473049007188242,"Plant"
0.410151920765304,0.55290662108334,0.263907466089109,"Mammal"
0.490845015706667,0.630729726505047,0.341749534718327,"Fish"
0.398482376982522,0.640166156867293,0.153784923210277,"Plankton"
0.771350372921108,0.990275813695255,0.528971005267682,"Benthos"
