"fit","upr","lwr","taxa"
0.581239784046587,0.741059411975344,0.431018731531056,"Bird"
0.648337069736115,0.801254476895057,0.502393040563055,"Invertebrate"
0.602435440025265,0.737777235946647,0.469142718124858,"Plant"
0.40380765194747,0.55839266283838,0.26188947465505,"Mammal"
0.533398976500268,0.679258004584851,0.390604501397795,"Fish"
0.395086962049073,0.634502903941343,0.147722210154334,"Plankton"
0.773978719182326,1.00883747301918,0.545332551186069,"Benthos"
