"fit","upr","lwr","taxa"
0.586198659826927,0.743616356897718,0.425700026489766,"Bird"
0.653167955161513,0.79199898820112,0.507874883926731,"Invertebrate"
0.606599989910432,0.734810742541656,0.467014405690114,"Plant"
0.411674661850232,0.554744115774392,0.265838241571505,"Mammal"
0.491199726150419,0.642740526316855,0.347361311561731,"Fish"
0.394861674179105,0.628475929373324,0.149313704430019,"Plankton"
0.777646109970026,1.01926841060748,0.53445345954863,"Benthos"
