"fit","upr","lwr","taxa"
0.587797728898715,0.754080856019662,0.424187425777728,"Bird"
0.640570155900061,0.781082619827143,0.498786040391264,"Invertebrate"
0.599999736131342,0.739569923620382,0.463566693320505,"Plant"
0.408518072864928,0.552348561619598,0.254488061295945,"Mammal"
0.538886334887733,0.667500543075832,0.394090234767363,"Fish"
0.409138092700559,0.647070338341656,0.164467808930826,"Plankton"
0.760042968688791,1.00341060950847,0.541754519271724,"Benthos"
