"fit","upr","lwr","taxa"
0.67469036190304,0.803640279029743,0.524188221749561,"Invertebrate"
0.615278352500121,0.751274989759182,0.477458751108544,"Plant"
0.442585745379015,0.577159885677068,0.306748437788056,"Mammal"
0.565223446472444,0.709190833879288,0.415674333200369,"Fish"
0.597859254022532,0.762007426211074,0.433219455955042,"Bird"
0.284886788307133,0.533225537269206,0.0352377689295293,"Plankton"
