"fit","upr","lwr","taxa"
0.582515167588748,0.739586630387803,0.429912907012055,"Bird"
0.655837596471177,0.789761095827078,0.527135255361803,"Invertebrate"
0.60088030747028,0.741299455316812,0.463025428755951,"Plant"
0.404755513978802,0.554203441724788,0.264970115905347,"Mammal"
0.531410991475536,0.668261540278675,0.386200710093459,"Fish"
0.389403489430045,0.62979460895037,0.150610346361886,"Plankton"
