"fit","upr","lwr","taxa"
0.583959195797835,0.739469716416304,0.443238010727331,"Bird"
0.636537230046722,0.789242153676482,0.501423554280063,"Invertebrate"
0.603635077771767,0.747502298270002,0.48044213146911,"Plant"
0.411545807419636,0.558544823125796,0.271126668252658,"Mammal"
0.526193610700906,0.668255581641758,0.389460538787886,"Fish"
0.400615331900393,0.626195351171377,0.162675102419903,"Plankton"
0.777158768121368,0.993286613149974,0.541036883527449,"Benthos"
