"fit","upr","lwr","taxa"
0.59099077910488,0.754165687533568,0.426059538875373,"Bird"
0.644789560348681,0.781132786764748,0.503366063119122,"Invertebrate"
0.61000446609619,0.74994708091257,0.463989542458822,"Plant"
0.411959952472505,0.559742538821823,0.274584563271674,"Mammal"
0.497638851459162,0.643964464389448,0.340655041427622,"Fish"
0.396107184195226,0.644510629511757,0.161749200294487,"Plankton"
0.776280717790968,1.00386771099793,0.527263381645073,"Benthos"
