"fit","upr","lwr","taxa"
0.586656733284239,0.75003571933608,0.428724437287428,"Bird"
0.645460363453221,0.784313936393346,0.503372802906754,"Invertebrate"
0.603812376479096,0.7467965180415,0.469979825095708,"Plant"
0.402618911241699,0.553768408568055,0.264477391281735,"Mammal"
0.490866444590959,0.640742293794407,0.336948261366476,"Fish"
0.400145515018173,0.645657108317216,0.156303257911918,"Plankton"
0.759473472283505,0.99917744060815,0.535141842165659,"Benthos"
