"fit","upr","lwr","taxa"
0.589224163070939,0.742485464203691,0.433055734969544,"Invertebrate"
0.659703187547324,0.795902577546853,0.525041714654847,"Plant"
0.599288424529677,0.735723291252322,0.465988491494564,"Mammal"
0.394903899998815,0.53545904077561,0.263599444549124,"Fish"
0.535634656545326,0.674438632779553,0.389455038710497,"Bird"
0.39322709750037,0.624260066111862,0.156314699856257,"Plankton"
