R2,Competition,Environment,Both
LM occ,0.0565605,0.1698353,0.2256327
LM abun,0.06699231,0.1516378,0.2164354
